Time_s,Altitudem,AltitudemREDUNDANT,Velocityms,VelocitymsREDUNDANT,Accelms2,Accelms2REDUNDANT,PressurePa,PressurePaREDUNDANT,TempC,TempCREDUNDANT,Humiditypct,HumiditypctREDUNDANT,WindSpeedms,WindSpeedmsREDUNDANT,Batterypct,GPS_Lat_Primary,GPSLonPrimary,GPS_Lat_Redundant,GPSLonRedundant,LaunchLat,LaunchLon
0,-1.21469519812462,1.06569785577666,-0.157556750381648,0.361165331150645,102.228005260859,102.253904623469,101324.21748509,101324.218686362,15.2997175571687,15.4052473558126,57.8769167456445,61.7591218326732,1.84196133271676,1.96098147180709,99.9250296404605,26.7203232104235,84.3012293633519,26.720333848882,84.3012251067442,26.720333,84.3012311
1,12.0312554308104,12.4261619714632,50.2667959248246,50.3491315617705,102.823922330602,102.731867403487,101173.898510312,101172.796759144,14.6781288530912,14.7752821526131,57.0059163974792,56.8940920220949,2.70233877017788,2.67137472394487,99.1896740927377,26.7203297600473,84.301209754088,26.7203342606324,84.3012476633234,26.720333,84.3012311
2,48.9351134628287,49.3878359700884,100.092736370043,99.9913083543044,102.126275858439,102.135126805554,100739.814272996,100741.758648711,14.2729731980724,14.1377354266294,54.1631849530571,55.2024695577299,3.81407403712551,4.13489615649355,99.5501687964666,26.7203314485741,84.3012275992112,26.72033921952,84.301225498454,26.720333,84.3012311
3,110.509530809802,110.770605681337,149.249485881867,149.344062385064,101.575208611263,101.502253555472,100013.925171726,100015.760067039,14.1078770965372,14.3896649271436,61.1678328353022,60.9383631031991,5.63281034585282,6.00308010159233,99.9655774238216,26.7203521360121,84.3012441248531,26.7203092844329,84.3012452817038,26.720333,84.3012311
4,195.660384183195,196.701918892224,189.195321583874,189.771543570628,-9.81670451567926,-9.93725895373112,98991.3505121395,98991.8018809725,13.2977421505183,13.2831159884339,57.897205138801,57.1934043297298,10.294547935095,10.2469021498146,100,26.7203329464171,84.3012310886357,26.7203338686866,84.301235971379,26.720333,84.3012311
5,287.455091042345,289.131064136456,184.873146517855,184.290408021792,-10.0052034030314,-9.793115155222,97911.3317718452,97912.5472853002,12.7832338111608,12.729498019988,64.5639498798345,63.996559369427,13.7371423635085,13.7310603083273,98.9776715915988,26.7203254719729,84.3012308163039,26.7203448571281,84.3012333340376,26.720333,84.3012311
6,376.269858605386,376.955008818796,179.816514336759,179.342208655966,-9.68401665225062,-9.65764039685582,96883.2618298042,96885.1012134171,12.667232255689,12.9451838215893,64.875826566867,61.8993922545782,17.7252235548611,18.0631202913327,99.2547470315074,26.7203332322536,84.3012318808118,26.7203299247757,84.301226368506,26.720333,84.3012311
7,464.451948326561,463.824857028108,175.19033957848,174.97732915081,-9.82456185960149,-9.93374615543186,95883.5757288005,95882.507676447,12.1089210950707,11.7962874571505,56.5187652778247,59.8731974676199,19.7521894594947,20.2616591000219,99.2681003898837,26.7203338531592,84.3012313771185,26.7203336653775,84.301235064645,26.720333,84.3012311
8,547.963577925346,547.00498736539,170.92708812902,170.146057867295,-9.78286554450246,-9.67154774865597,94921.9806453261,94921.0661139324,11.4407208026835,11.2847068881892,58.2826141100213,59.326184963927,20.4191687003618,19.9054739806418,98.5521053989038,26.7203260087191,84.3012261832654,26.7203376503262,84.3012178116587,26.720333,84.3012311
9,631.400234285288,631.602980298109,165.904314410358,165.935749269381,-9.66696577678776,-9.53553837114148,93983.3482658789,93984.696450677,10.4485715173048,10.6039184261104,63.1795557787301,59.1323291158338,20.3188884783498,19.8284761874132,99.4519246208792,26.7203303945929,84.3012309808284,26.7203336472969,84.3012291191632,26.720333,84.3012311
10,710.167835739955,709.734610224793,159.959127062418,160.420850471322,-9.91194086710791,-9.99434591066927,93109.5726198499,93111.2385151311,10.6346333310215,10.4010619051335,64.7982511092167,62.5265862256414,20.1357893975524,20.0997822530973,98.7005048341287,26.7203322310779,84.3012285523076,26.720329297066,84.3012376098101,26.720333,84.3012311
11,788.199774206715,790.413192684842,155.840481451038,155.761707772707,-9.77496951871984,-9.75554981281568,92243.5971507964,92244.8843273639,9.90051996802405,10.2259676326458,63.5887769363131,61.3872625139766,19.8375195302125,20.2799384217023,98.8710548244115,26.7203346171342,84.3012337813688,26.7203401162968,84.3012289050058,26.720333,84.3012311
12,864.177164016552,863.975120208609,151.332316015847,151.547864349188,-9.82019266384087,-9.69078065434898,91419.8727430124,91419.1427669829,9.02572700270199,8.80354571996918,58.7786121335131,58.9884286488256,19.9901941318324,19.933183789767,98.6490253140441,26.7203361066429,84.3012253511657,26.7203317392278,84.3012301696909,26.720333,84.3012311
13,937.234468369641,936.520692985834,146.807689291084,146.514043229621,-9.71274009818053,-9.87810142919245,90635.9871659941,90637.9993294143,9.16948308163143,8.66574995509042,66.8650220874449,68.1484185538914,19.967927983791,20.3195515897143,98.3865807471402,26.7203403162203,84.3012367966274,26.7203407065478,84.3012188228083,26.720333,84.3012311
14,1005.2960908787,1005.57573954297,140.472111497183,140.808163723956,-10.0409075050812,-10.0417489462598,89898.1831960787,89896.3418286354,8.20199406439905,8.45128316466951,56.6158955204829,56.2587906775549,20.0661702609231,20.4357850236459,98.6839775072597,26.7203342495499,84.3012321673039,26.720334025724,84.3012280393675,26.720333,84.3012311
15,1075.87382324894,1076.0348819571,136.924079043595,137.011401342161,-9.78783893752269,-9.70582157278291,89143.895164037,89144.1160097687,8.30663823722951,7.89373866703819,58.7609385580966,61.2870433360491,20.2902002876263,19.725103724278,98.485945210716,26.7203338622337,84.3012386390821,26.7203352381352,84.3012316804303,26.720333,84.3012311
16,258.238860254869,259.740806721671,-2.22322415401515,-2.47181199799337,-0.062619672220656,0.0217196248660518,98255.8429291669,98255.453178382,13.4062708260506,13.3558794356394,51.8730055501458,54.7089691812633,12.7168352995666,12.2898756802002,98.3140710588607,26.7203257925998,84.3012214173697,26.7203361622362,84.3012361926163,26.720333,84.3012311
17,256.299784079787,256.583259994747,-2.16701066205059,-1.83408745496368,0.0181815941312484,0.0441181020191619,98272.8268348733,98273.8825659073,13.542630660376,13.5773884221857,70.1884246553901,69.749790552001,12.5688549183268,12.7422176160521,98.0420191891598,26.7203276528341,84.3012239164624,26.720323487307,84.3012157803046,26.720333,84.3012311
18,256.65001736105,256.364148436666,-1.60223880684266,-2.1538367622067,0.044344369504865,0.0272471373120397,98281.3417156542,98282.0553734285,13.2007064138577,13.1386855575113,61.6716871937019,61.8416304446847,14.1676398870889,13.9846243975417,98.4722623353915,26.7203115005396,84.3012022170018,26.7203149712073,84.3012020655708,26.720333,84.3012311
19,255.212069814258,254.657011944206,-2.44272963530952,-1.94099138445813,-0.0210380896840527,0.0312556736742515,98293.9225157678,98293.4580710261,13.3771420190616,13.4008882806214,66.4093169726591,67.3729647091111,13.0594724177694,12.8394758856366,99.0455586342462,26.7203202917701,84.3012140273957,26.7203078985255,84.301190675386,26.720333,84.3012311
20,253.821888885151,252.85611083297,-2.06728300264629,-2.43958810485725,-0.130210692831357,-0.106117770264887,98309.0941013923,98309.3713371861,13.4196222300399,13.3707391003741,63.2180364926629,62.088364236914,13.7978110975288,14.0660587420172,98.1949436164196,26.720300027302,84.301186803522,26.7203070100063,84.3011892444721,26.720333,84.3012311
21,254.543300878928,252.457331822281,-2.06816157240738,-2.62782783656528,0.00994740733982473,0.0837854165297159,98320.5558228597,98320.4047579305,13.2817499751277,12.9459050397342,51.2588095037686,51.0223569778564,12.8525906819627,12.6865025685625,98.5293091074556,26.7203119117761,84.3012027694689,26.720322629266,84.3012143984745,26.720333,84.3012311
22,252.298203451932,252.11919756011,-1.94630208266492,-1.91809245024528,0.0218369275866755,0.0935671993942219,98329.9423672513,98330.5270670923,13.2488351757859,13.464871187721,55.2368825721935,56.2009481327733,12.1084531163008,12.3426032806757,97.2423890374233,26.7203202951912,84.3012140319917,26.7203087517801,84.301192049508,26.720333,84.3012311
23,250.315464054161,250.347917799595,-2.0978831519898,-2.00455692485473,0.0202147377480849,-0.0183512595254422,98348.4008692338,98345.2595247149,13.3077265158694,13.5836552134467,53.2122027324905,53.2550380139408,12.5163071703605,12.0926994289413,97.9226307196469,26.7203110683618,84.3012016364017,26.7203039846289,84.3011843722599,26.720333,84.3012311
24,249.914052436723,249.573294450927,-2.06944019716346,-2.40166577137153,0.0617891095911077,-0.00347815598510899,98354.6029589724,98353.7581168964,13.3721357131776,13.4174354798229,63.3890568319898,62.8182984260646,12.4498836550625,12.1614298204061,97.2013158405145,26.7202994196769,84.3011859872209,26.7202930806268,84.3011668119338,26.720333,84.3012311
25,249.548984441859,247.849707616324,-2.20961018206188,-2.39217939295994,-0.0535526839824524,-0.122488600204458,98364.8492465362,98365.4034071148,13.1718799489679,13.3299397063214,61.4263428471159,59.0998676432069,11.6889808880087,12.0868555481663,96.917787536234,26.7202968956031,84.3011825963069,26.7202899691295,84.3011618010298,26.720333,84.3012311
26,248.014174783104,247.891055119732,-2.03786177649313,-1.75405672941772,0.0340108052725225,0.0411403804814268,98376.746142901,98376.2547524147,13.4281078962249,13.6116537330478,54.7086821030975,53.9223549829371,12.7802866266013,12.0711659432339,97.1928142962705,26.7202913566197,84.3011751550762,26.7203116627961,84.3011967375472,26.720333,84.3012311
27,245.879454178044,245.394816867978,-2.17765977957712,-2.46584489233784,0.0596253756238987,0.0457645953371315,98394.0642295135,98394.55204315,13.4080840653117,13.0285030443161,62.0844929268611,63.9993415045809,13.7115649784603,13.5130448910367,98.0646996672068,26.7202989158466,84.3011853103607,26.7202893271134,84.3011607670965,26.720333,84.3012311
28,246.026460461157,246.174890764821,-2.0191209774247,-1.65063346941912,-0.0889293792003258,-0.00497528135994488,98405.3046530547,98405.5002011159,13.7787360640606,14.1727725043881,58.543639034245,59.5009930464407,12.0204870768636,12.3410564724531,97.8500079143348,26.7202980389726,84.3011841323427,26.7202781426074,84.3011427550335,26.720333,84.3012311
29,244.564879104552,244.964902949669,-2.20456037944958,-2.40082453263521,0.0159825912959489,0.0899482687896402,98415.2494854648,98417.0367234504,13.5312669132982,13.5358873107618,60.5881349209499,61.6355290989949,13.5437642935753,14.5231483066636,97.4027523610272,26.7202625320104,84.3011364312608,26.720268241886,84.3011268104386,26.720333,84.3012311
30,244.382967069624,242.280276981943,-2.04666422405826,-1.93056672515618,-0.0252089915503836,-0.0267261784783952,98431.2308002483,98432.1851009062,13.3685095695923,13.7679765769816,57.6022305023683,56.8037041597723,12.6148012584968,13.1790675466667,96.421149720055,26.7202786070861,84.3011580269833,26.7202618983912,84.3011165945716,26.720333,84.3012311
31,243.127003164152,242.339611869655,-2.13167317763218,-2.22440615761988,-0.0040761336550823,0.045168474071488,98441.0291308978,98440.7919761563,13.2944183075993,13.0720195235021,57.956905060886,58.5258091024187,12.5467507483664,12.4677003872609,96.995609674306,26.7202704555858,84.3011470760216,26.7202770886285,84.3011410576555,26.720333,84.3012311
32,241.033597122565,240.655532945922,-1.90696262249295,-1.95121644332268,0.0173838241769168,-0.0815731470953693,98455.949875418,98455.8204493971,13.1666617816459,13.4617233922785,56.5881567921895,57.8143824814868,12.0928435546825,12.0835680644263,97.1508500044509,26.720275234338,84.3011534959358,26.7202731791968,84.30113476172,26.720333,84.3012311
33,240.874628237244,240.489459664711,-2.14627242476898,-2.29922788068554,-0.0243614282056776,-0.00188417206993905,98468.6498082956,98468.5468493626,13.7527782909037,13.7229485063811,64.1603335478741,68.8224308340106,12.26309205035,12.8216097772398,96.9940181147893,26.7202686572744,84.3011446601179,26.7202647752006,84.3011212275228,26.720333,84.3012311
34,239.269513949842,240.307946551397,-2.52579599045034,-2.22002736863065,-0.0337854039580806,-0.0139483406322269,98479.8685191907,98478.9926442735,13.7422096478433,13.8703740595637,62.7599489063113,61.9686422967543,13.9274088435162,14.3918032779036,95.8906032082596,26.7202583590472,84.3011308251811,26.7202629371909,84.3011182675042,26.720333,84.3012311
35,239.112433523213,237.185908709935,-1.87104267624068,-2.11115122376476,0.00170762087440123,0.0180246337632753,98484.0211824162,98485.3396520672,13.2225312009771,13.2024706113719,59.3615693143089,59.1607979558786,12.1597514712453,11.8196955494176,96.2735910759901,26.7202511937936,84.3011211991717,26.7202472036203,84.3010929294103,26.720333,84.3012311
36,237.550752469631,237.400406924301,-2.33751019691711,-2.45701997347903,-0.0543622969431401,-0.0295621543066687,98502.4452945935,98501.990362672,13.6767219050799,13.6172094275111,71.5857921552748,72.4279333691655,10.502678876641,10.4047505780303,96.5929611179256,26.7202413111869,84.3011079225916,26.7202710875626,84.3011313932522,26.720333,84.3012311
37,235.506702827328,235.80177491837,-2.25135233682508,-1.89835176546928,-0.0542912564442593,-0.0105178076537334,98520.4801142768,98519.2438570957,13.5042660981062,13.6147852516146,63.1898031511441,60.6146226928073,11.5169828964262,11.0914540106571,96.7993954547586,26.7202776214081,84.3011567027949,26.7202427234453,84.3010857143223,26.720333,84.3012311
38,235.111180354597,235.970027331916,-2.27408604551745,-2.30891785665023,0.0339686641478252,0.0660837737153205,98526.1975907062,98526.2202624519,13.3901008580791,13.4900560708096,58.5592599406409,60.0795913976601,11.6621369676548,11.6452810786386,95.33943608945,26.7202599815908,84.3011330049531,26.720251055722,84.3010991330189,26.720333,84.3012311
39,234.889121433125,234.544698326925,-1.80998113610932,-2.15344872934549,-0.0574397017579328,-0.0349411389790574,98536.520022723,98537.395503531,13.7278006021269,13.2598861301217,57.7497962060419,57.3450307604081,12.1887520529915,12.3274819347736,96.2626880122601,26.7202537318743,84.3011246089029,26.7202636760236,84.3011194573557,26.720333,84.3012311
40,232.978993115023,232.544805315685,-2.58398135036643,-2.45515131995325,0.0333156250454606,-0.128526168059094,98551.0560498499,98551.1900104432,13.1498003639145,12.9458328011848,53.8257162273247,50.2001488368916,11.579680955306,11.85479745416,96.3215243849395,26.7202300589078,84.3010928059537,26.7202338565046,84.3010714345774,26.720333,84.3012311
41,231.767280548074,231.713861631162,-1.52151248638273,-2.91776229075332,0.0231295646426976,0.139966712336434,98566.9415256574,98567.5270253652,13.7618002720506,13.7310499393229,54.4675003831615,54.7186844634187,12.3259252837448,11.7511524226921,96.5810559942581,26.720238931234,84.3011047252938,26.7202646591843,84.3011210406846,26.720333,84.3012311
42,230.848853211351,230.689593815583,-1.87419145126895,-2.14271114186222,-0.0862903364395298,0.110516326295239,98571.7534678837,98571.4395713489,13.5847142608757,13.6375388090639,66.7758628976324,66.5238226014261,11.3164218511517,10.5767107609055,96.4089287921187,26.7202345965867,84.3010989020031,26.7202305149166,84.3010660531243,26.720333,84.3012311
43,230.428413303205,231.077419481287,-2.08189392215395,-1.4027570784959,-0.0338782326167828,-0.103381015608449,98585.6201083749,98586.4681069424,13.5809508032998,13.5444090658772,43.0605071025446,43.4599509544872,11.2478200308194,11.3244207784578,96.2600356594044,26.7202413375349,84.3011079579882,26.7202290981298,84.3010637714632,26.720333,84.3012311
44,229.71399354934,228.699780408656,-2.15459015041198,-1.90823006391932,0.0597054701523686,0.0551766244196156,98602.8623309768,98603.9948476843,13.367614670017,13.623031732288,58.0287739589744,60.8700708600944,11.5212600166486,11.3322975749338,95.475029746649,26.7202205167501,84.3010799867426,26.7202214833195,84.3010515082088,26.720333,84.3012311
45,227.055927417382,229.110646423111,-2.04498159751914,-2.10787052641099,-0.0490582765569841,-0.0402379816441075,98616.438486513,98616.4971366271,13.7766841119846,13.3649924208598,53.234555293362,54.0800557165744,11.9633538633346,11.0954107563033,94.8272489314384,26.7202149787212,84.3010725467941,26.720233848731,84.3010714220583,26.720333,84.3012311
46,226.754797449,226.694159069612,-2.02831669710002,-2.21140843153836,-0.0232202131154694,0.0210789772264848,98626.7419407848,98627.4990540292,13.6098614691547,13.4807672506995,61.1708342268276,59.9629727426587,11.8298843136755,11.8092462922767,95.4909736214693,26.720198604707,84.3010505494689,26.7202219409931,84.3010522452682,26.720333,84.3012311
47,226.247727982406,224.97489229117,-1.96950138499812,-2.09180473434452,0.0231030446625948,0.0235379303210795,98640.2727003079,98640.8590536926,13.062815929355,12.600675115716,59.5392329908126,62.2284044781292,11.7176548369752,11.9167971547196,96.0945659126043,26.7202086951218,84.3010641052245,26.720226331696,84.301059316266,26.720333,84.3012311
48,224.601791175998,223.43064035753,-2.01941199253016,-1.96639715117828,0.0391695254641298,-0.0187526240253058,98652.7703542463,98652.1253545645,13.2788022263285,13.3438292261757,57.691836383922,55.8050842580042,11.5180258355699,11.7354209136759,96.1967272637622,26.720209493141,84.3010651773066,26.7202222802398,84.3010527916073,26.720333,84.3012311
49,223.803087918304,222.134390279175,-2.11075328115208,-2.48291326199578,-0.0125769443022248,-0.0627012532469117,98663.9529964001,98663.1096994486,13.2772622053412,13.3039244150552,65.122428919282,63.23913766979,11.6751404958695,11.4803948091545,95.7615245511489,26.720202397221,84.3010556444421,26.7201920979352,84.3010041845817,26.720333,84.3012311
50,222.029767529565,221.293655539235,-2.19720823815537,-1.82344404569324,-0.0298755097345821,-0.0552432841853008,98674.6426763043,98673.5703369621,13.6965950067442,13.8694410839719,60.263111870389,59.674953895033,11.1529348977535,11.2715172116087,95.5271704114009,26.7202122009965,84.3010688151182,26.7202226449764,84.3010533789965,26.720333,84.3012311
51,221.719737513522,221.719285285727,-2.13635738951552,-1.89148833815244,0.0711184930849254,-0.0732953532384994,98686.9734862952,98687.3655549673,13.725044536398,13.4567378884562,59.0596834036622,60.1726957070582,11.6384801667995,11.654961883385,95.408569824193,26.7201755136378,84.3010195282574,26.7202046897344,84.3010244630168,26.720333,84.3012311
52,220.701857846602,221.202409997688,-2.15616977077798,-1.90173239699506,0.086944983189879,-0.0665457766584356,98696.2060123514,98694.7581398196,13.7478425498334,13.916130856912,62.5286965198135,63.7214686175048,10.8689905924001,10.6276515844812,94.8469406266196,26.7201961440482,84.3010472437486,26.7201883241521,84.3009981071011,26.720333,84.3012311
53,220.013671161843,218.255853602377,-1.90272058622322,-1.99793188395372,0.0489429025390898,-0.00537426320394842,98711.4046527766,98710.916759687,13.4637833826714,13.524861247908,55.1966758201836,53.9699585631042,11.9671092209192,11.9659520042019,94.9662198532232,26.7201914276373,84.3010409075855,26.7201767080155,84.3009793999196,26.720333,84.3012311
54,218.806134837071,218.928472462549,-2.04336832935539,-2.15619467650336,0.0042659071282512,-0.0572607991288601,98728.0029990588,98727.4187263707,13.4224697489974,13.5995766721967,64.3073337054381,62.32234624057,11.8188491491077,11.5502788400084,95.7720347629132,26.7201726778949,84.3010157186382,26.7201968834223,84.3010118913587,26.720333,84.3012311
55,218.535555952886,216.85432529053,-2.72579839103982,-1.93586229331692,-0.0404132860820463,0.0545641652570096,98736.9057685258,98736.3154185289,13.4793570704136,13.4764084865769,66.3119340727947,63.9645670172704,11.2320305779318,11.062266327947,94.3724709971041,26.7201516756024,84.3009875035499,26.7201945370938,84.3010081127192,26.720333,84.3012311
56,216.621152568412,216.448770391393,-2.02647466140793,-1.98011057659147,-0.0415222203278283,0.118979692426874,98749.9524580437,98750.0780474972,13.5999422482884,13.8798621216,55.6507875858558,55.7730664543333,11.5073672477583,11.1737116891195,95.5573893953549,26.720163966761,84.3010040158485,26.7201817015825,84.3009874417986,26.720333,84.3012311
57,215.401802948101,216.528681292415,-2.09246868814743,-2.23762814037349,0.0261257052632879,-0.0464042593096034,98761.3543813731,98761.251619395,13.4918484673965,13.3897170644051,52.8055810397667,53.3983437804581,10.0076836771469,9.953718136502,94.495235922754,26.7201535432188,84.3009900125599,26.720165202782,84.3009608713418,26.720333,84.3012311
58,214.358796367758,214.979075669661,-2.1587725172942,-2.32711129787409,0.0209199110444342,0.0191523600428302,98773.0601651559,98773.3109664717,14.1223062203598,14.193760301106,63.3836837410163,64.9156067498421,10.8496110134833,10.7809093148605,95.2252160545475,26.720164161125,84.3010042769628,26.7201853885255,84.3009933794277,26.720333,84.3012311
59,212.847545089825,212.809303717906,-2.21559028510423,-2.10732970590786,0.0700799296473215,0.0399748088242347,98788.8151980884,98788.9618040014,13.6547019579799,14.0312476747675,62.7863496469579,58.9495751706178,10.1915217095366,9.79710372064461,93.7653424952512,26.720155252134,84.3009923083661,26.7201810577444,84.3009864049309,26.720333,84.3012311
60,212.75483342766,211.872637725597,-1.89986786350293,-1.65998436205158,0.032522504626807,0.037760181673542,98794.2454082193,98793.2433897225,13.7299994665369,13.8800735990126,64.1161367822473,65.0466314398968,10.5058421777477,10.6985241523527,94.6679521005823,26.7201333983214,84.300962949321,26.7201691529669,84.3009672329082,26.720333,84.3012311
61,211.024718555555,209.450966939561,-1.94242229413749,-2.50365970925823,-0.0751540150879909,0.00607642143328699,98809.6201524842,98808.0224232851,13.5690589943892,13.4421888110275,62.0637683077585,60.5014041402897,10.8521636729472,11.4644463819746,93.9128649320262,26.7201567715496,84.3009943495931,26.7201651047951,84.300960713539,26.720333,84.3012311
62,210.436328128604,209.776774985075,-2.25642600773722,-2.54210805389823,0.0525973808861459,0.0594145934687778,98819.1049205447,98818.0209628184,13.6576726208571,13.6975503814896,63.4832801064237,66.4384012549943,11.0922445124183,10.4020880715174,93.4798664040379,26.7201640776756,84.3010041648544,26.7201734084498,84.3009740861413,26.720333,84.3012311
63,209.538261231331,208.710558272464,-2.00233421897123,-2.03431642402518,-0.0499030313657207,0.0385799162144526,98837.8933355525,98836.7009030587,13.537903532167,13.3940443623968,49.0025134794328,50.046818869387,10.3492575706857,10.2527252043107,94.2030170212055,26.7201307894989,84.3009594445532,26.720166626487,84.3009631641443,26.720333,84.3012311
64,207.558756793524,207.272284454443,-2.35035945586499,-2.14076179839993,-0.0191985635976176,-0.0990129937861838,98847.0165994285,98846.4597967127,13.6399744464466,13.7459315637184,64.9835651134558,66.4041036275339,10.5825919767724,10.4676481436466,94.504735894298,26.7201526515577,84.3009888146765,26.7201508319307,84.3009377278361,26.720333,84.3012311
65,207.666209652812,206.991264798574,-2.43536578112913,-2.10743964886022,0.0125100103125847,0.0695324851511419,98857.0922704068,98856.7528182956,12.9551205085839,13.3443547882465,66.5436901413322,66.5970185707816,10.5034195435804,10.758448155991,93.4837792807033,26.7201229856292,84.3009489606085,26.7201454079599,84.3009289928143,26.720333,84.3012311
66,206.914144321503,206.3170682942,-2.30475576402061,-2.10622635973007,0.0997833744891982,0.0709832669813394,98868.9564762873,98866.958674638,13.7099467652425,13.3546731131523,51.8121940684805,54.0472003403323,10.7432429626857,10.1480478273747,93.0629920197708,26.7201211805157,84.3009465355668,26.7201569876958,84.3009476413743,26.720333,84.3012311
67,204.834631666658,204.713781144707,-1.96481324836693,-2.20425261923393,0.155495927800268,-0.0610628883342865,98884.7164261569,98883.9113536932,12.9258927714438,12.8565833270328,53.7889367626333,55.4452738071137,10.1584552187991,10.2466689646472,93.6728276178325,26.7201450040397,84.3009785407792,26.7201302755879,84.3009046229193,26.720333,84.3012311
68,202.89724614775,203.438171532596,-1.94384681501695,-1.68751279251155,0.0303361529568091,0.00303502683580816,98896.2493867729,98896.6523354036,13.7669533976415,13.5897261666381,53.2108366752455,52.1825562766575,11.3772934472472,10.534769856565,93.5812823356114,26.7201283753761,84.3009562013507,26.7201446900622,84.3009278366776,26.720333,84.3012311
69,202.302908168124,202.741742899244,-2.02665780857009,-2.6095460861325,-0.00915983093601939,0.0546663194248856,98911.1619362309,98911.9967121804,13.5528152253005,13.4149025405959,66.6176212828647,69.3051380009895,10.6934265494196,10.4951698141319,93.8054098137773,26.7201054005977,84.3009253363676,26.7201328589961,84.3009087833633,26.720333,84.3012311
70,202.809223531477,202.514278777852,-1.94188887702194,-2.33545714182561,0.0267252824240275,-0.0167451055663489,98916.3074605803,98915.6017497546,13.5219392648836,13.2333767796032,62.310605647362,64.5604354313456,10.9014574195852,11.7087559992337,93.9122972856822,26.7201114472803,84.3009334596562,26.7201128062005,84.3008764893831,26.720333,84.3012311
71,200.844474217658,199.983588986853,-2.05783673441649,-2.19204881988419,0.0443827712936918,0.0858382438212809,98930.5205093866,98929.8759191668,14.2293434898721,14.1550386130266,55.4391502377766,54.9443240681778,9.53933509301456,9.42111596430934,93.3140424093638,26.7201201060485,84.3009450920964,26.7201219391754,84.3008911975623,26.720333,84.3012311
72,199.315988993386,200.944386013331,-2.27232041412602,-2.63698073842768,-0.0160333812778596,0.189109799569549,98943.0731555472,98942.0478111056,13.6497932618415,13.7949796357121,69.3132764370531,66.228621103049,9.69141768605576,9.6175049996954,94.1777516573971,26.7201080620509,84.300928911841,26.720125145494,84.3008963611709,26.720333,84.3012311
73,198.329620078448,198.503137033235,-2.09278876984359,-2.231929600108,0.0897605677956161,-0.0628788826107986,98958.722875137,98958.5357816299,13.9830896483822,13.7694995021949,49.7970859970484,47.7303280736053,10.172853251264,10.3149731964847,93.2683673722677,26.7200871509348,84.3009008192416,26.7201191375593,84.3008866857058,26.720333,84.3012311
74,198.128773015111,197.723542700215,-2.00931333837525,-1.67095419370238,0.0115035379595701,-0.110483568252302,98968.9890328904,98967.290625569,13.8811063474072,13.6367288909495,57.5102632756926,57.8697386365293,9.53216686714942,9.69362636335924,92.8892867469966,26.7200945533044,84.3009107637995,26.720109792278,84.3008716356183,26.720333,84.3012311
75,197.002600268572,197.295805023077,-1.98809858028672,-2.13269089976064,0.0248871544545697,0.0243054876483901,98982.4656825481,98982.5030387852,13.6860806942223,13.9194776482275,57.9027696792537,57.5669937047902,9.645557116784,9.5454746953958,92.1629663204486,26.720100955885,84.3009193652118,26.720125842981,84.3008974844373,26.720333,84.3012311
76,195.08358312881,195.389622083406,-1.90226129691942,-2.07083369949874,0.0332962126027231,0.0577250004100915,98997.8079983984,98995.9268141108,14.0548730742602,14.2723924821596,68.9619225943257,68.9024418170695,10.5499057719189,10.386927327465,92.7436702398419,26.720104789021,84.3009245147577,26.7201338477215,84.300910375654,26.720333,84.3012311
77,194.272025532487,195.217947045525,-2.01291116903058,-2.53262136802257,0.0210793305307228,-0.0184693099075815,99007.8990682386,99007.0687832758,13.8628163645713,13.8767334190432,63.1008649793812,63.2823075496352,10.4700942179225,10.5376861110645,92.6130565272944,26.7200651347968,84.3008712421239,26.7201214414877,84.3008903960622,26.720333,84.3012311
78,193.021910622056,193.447489028739,-2.08013431975234,-2.3353323836725,0.0419470250234806,0.116260853065683,99021.0339278077,99021.8512970987,13.4330319682734,13.3930500009952,50.2716611443981,54.8069850810726,10.8795689516221,10.7284269268959,93.1676523981407,26.7200873434764,84.3009010779077,26.7201094121666,84.3008710234687,26.720333,84.3012311
79,191.787283679455,191.758538871992,-1.88306946765536,-2.20965842941582,-0.0308626593273462,-0.10708846397786,99034.1708306712,99034.1557016625,13.4602567720562,13.6193572774626,76.2708596877791,76.4375077541017,10.4009812189882,10.2665512871383,92.8249918120334,26.7200772763286,84.3008875534096,26.7200946533549,84.3008472551731,26.720333,84.3012311
80,191.83854651396,191.32006148939,-2.14586020467342,-2.23587048185047,-0.0279150876973015,0.0554334898425289,99047.9020928921,99049.6904733812,13.5545464778398,13.5358383726968,54.6567530511366,54.5067335089494,9.08161115155083,9.62863412037559,91.9103154391837,26.7200669284591,84.3008736517819,26.720105444116,84.3008646331304,26.720333,84.3012311
81,189.79157880493,189.037758073679,-2.32964400740561,-1.76877593865893,-0.0550077116485848,-0.0484688656607115,99059.2348618819,99059.6936848542,13.7254039140277,13.8031802381711,61.4635566218459,59.7928735527025,10.8602175512589,10.8432314130088,92.4923771932055,26.7200747612641,84.300884174599,26.72009301215,84.3008446120983,26.720333,84.3012311
82,189.566417869265,189.044686373473,-2.1681374386858,-1.96821672767951,0.0219750615310113,0.137550232496584,99071.0389068017,99070.4586691692,13.9784665065991,14.0040888302345,54.4836491344013,53.6063195070889,9.4973665766346,9.60140556773472,92.6482655858645,26.7200717129402,84.3008800793923,26.7200758719142,84.3008170086436,26.720333,84.3012311
83,188.545324801906,187.75808278343,-2.30786389811304,-2.49232075623286,0.0389468251756057,0.159401228253449,99086.2666035229,99086.4971837201,13.8442210862222,13.4882353087577,52.7954951489731,52.4256122562915,10.0120778674546,10.3956680771402,92.9827656796939,26.7200592188174,84.3008632944258,26.7200812648566,84.3008256936956,26.720333,84.3012311
84,187.451242823969,186.785593889077,-2.28840448706076,-2.07941739853628,0.0228886433075943,-0.0613325270226678,99094.0114160345,99092.7799862197,14.0128793625565,14.2412893306914,59.6148742336396,59.6221846412797,9.37032317017128,9.21424643644127,92.568751983707,26.7200532550317,84.3008552825032,26.7200732125112,84.3008127258139,26.720333,84.3012311
85,185.793437782883,185.906417930091,-2.15969485169022,-1.98132459299808,0.0837246216673769,-0.0439645708726864,99106.7207798329,99107.0325610376,13.4883831887262,13.5599544302334,56.8281044732363,56.3996749732523,10.1397317521864,9.88285618406508,92.4116733271557,26.7200548108215,84.3008573725962,26.720094991682,84.3008478000312,26.720333,84.3012311
86,184.940415083896,183.23307080233,-2.28362612587499,-1.78309743011862,-0.000279800941452328,0.0687670309583842,99121.3290761829,99120.6812741752,13.7573736431556,13.857135344298,53.0715049395412,49.7702705364331,9.92274988673875,9.7306576084979,91.9675429973076,26.7200483092042,84.3008486381353,26.7200848177409,84.3008314154303,26.720333,84.3012311
87,184.050682875125,183.623800752128,-2.21525481735657,-1.67950030545825,0.0334370827796256,-0.0309704519831612,99127.8910561319,99129.5092299171,14.1057390240924,14.060886457409,49.3744791540491,51.6708057883069,9.76197641623581,9.1514918940902,92.0379060027117,26.7200549999753,84.3008576267111,26.7200685701705,84.3008052495665,26.720333,84.3012311
88,182.208627895508,182.734754746786,-2.5097771674978,-2.43558249165541,-0.0545850438069657,-0.00363289743457906,99145.2991843189,99144.7418348773,13.6465966807842,13.8303080493302,60.9465663928516,58.8286895514925,9.13348388503129,9.13637544799319,92.3747524503531,26.7200306906758,84.3008249688936,26.7200708109018,84.3008088581472,26.720333,84.3012311
89,182.00354735493,181.969252827667,-2.11073934625658,-2.39665534109427,-0.0193549851237201,0.00203107364339281,99155.3879608907,99154.820056388,13.8142835147663,13.4749066586859,65.3694875271739,60.6372910110688,9.42481956104346,8.72854858845009,90.9898613012602,26.7200373946215,84.3008339751685,26.7200500179742,84.3007753722231,26.720333,84.3012311
90,179.921118417043,179.688498199882,-2.11669514318551,-2.49420959593234,0.0347768878782889,-0.153573852495813,99169.2691543146,99169.0874745633,13.4018391705658,13.8376583199397,46.4347558515063,50.7212355361161,8.91535854198462,8.74398615433846,91.3877803363915,26.7200341911412,84.3008296715203,26.7200372392702,84.3007547927875,26.720333,84.3012311
91,180.279345722955,180.698072301416,-2.28669318065161,-2.19348141217007,0.0424551055371572,-0.00110701968753898,99182.9154859211,99183.8946953111,13.8613795410727,13.6709170676038,59.3576365443153,62.0661034186895,9.34196390885777,8.77611852571997,91.0824656256219,26.7200264692827,84.3008192977518,26.7200784228105,84.3008211167289,26.720333,84.3012311
92,178.515303672904,178.054672442982,-1.97694701445959,-1.96888863581217,-0.0146983473832091,-0.0551782219251339,99190.8998684981,99190.3232296877,13.4985987694066,13.4960629232786,59.2383619068457,56.99751779225,9.46028168689859,9.19550820668593,91.5645765593631,26.720020322321,84.3008110397453,26.7200529024406,84.3007800175056,26.720333,84.3012311
93,177.638036070365,178.31302200285,-1.94023775368598,-1.83155142623457,-0.00357996259290334,-0.0394498257919818,99205.803384803,99207.1206515537,13.5919639548699,13.7716985298575,63.4101166372157,64.3838520917694,9.40317182662265,9.17914625102632,91.8963610878254,26.7200101660238,84.3007973954814,26.7200463532391,84.3007694703585,26.720333,84.3012311
94,176.634366312489,176.834477866213,-2.4294886491947,-2.13076198341366,-0.0758936873340405,0.115490560277505,99219.5794680924,99220.7225371315,14.1811313901853,13.8505282309078,49.4926898842748,48.8885588738944,8.89345461395292,9.07001764029322,90.8890128566395,26.7200226066604,84.3008141085931,26.7200622579337,84.3007950840388,26.720333,84.3012311
95,175.81640332608,175.428873965057,-2.28951396473045,-2.23292326599366,-0.0178514600403305,-0.100520551542341,99224.4651156507,99224.5199197645,14.2222075005382,14.4015334780918,65.2843424482822,66.6906122226337,8.28575669868925,7.90268741021764,89.8985978162653,26.7200194317905,84.3008098433809,26.7200548703161,84.3007831866664,26.720333,84.3012311
96,174.973730780634,176.100632593984,-2.28547363081089,-2.08611776317881,0.0445191581759893,0.0650564149398382,99240.1112739014,99241.0259739989,13.853959165946,13.7460830098992,62.031034913758,64.5384150796317,8.66508364511351,8.70905856895748,90.7938896274878,26.7200197182321,84.3008102281948,26.7200365575645,84.300753694936,26.720333,84.3012311
97,173.755548471306,173.038090834212,-2.30989053410208,-2.37245278436932,0.0287602508053283,-0.0223170344265447,99245.7424451387,99245.6911186865,14.3472150559425,14.4965881676139,56.7652699257624,57.9382360946686,8.82423572425772,8.95415970290962,91.3629868660087,26.7199898474217,84.3007700988825,26.720034991695,84.3007511731849,26.720333,84.3012311
98,172.629356193612,172.929030883771,-1.95117256179495,-1.49020591367286,0.0250332860690605,-0.0223808134796668,99267.7543800858,99265.7407878366,13.5780631597003,13.1262156674966,62.6115241041366,63.93019509501,9.71128761773358,9.16656863487184,91.0813149514749,26.7200188229992,84.300809025513,26.7200309252057,84.3007446243163,26.720333,84.3012311
99,170.556051587203,172.029507281761,-2.15075383196052,-2.59428691234138,0.002488684359048,0.0632297516841369,99281.7580617461,99281.2025527419,14.5021970620009,14.355142851942,56.7527810159792,58.0414638680203,9.12383553908008,9.40832157899472,90.9328431239053,26.7199873179177,84.3007667006736,26.7200381837604,84.3007563138396,26.720333,84.3012311
100,170.145343397602,169.545657440568,-2.17176836320072,-2.06344322126988,0.000353157931408823,0.0272041035655112,99294.8114510387,99296.2444063127,14.0804970358376,13.8866836944028,63.1679959145411,60.0620863578046,9.84857564393894,9.74986564719999,90.4850033490628,26.7199986364243,84.3007819062834,26.7200282252201,84.3007402761305,26.720333,84.3012311
101,,170.070785855795,,-1.54930549987878,,0.0456490397775625,,99307.8640482978,,14.1589164133806,,62.6540932283248,,9.05674394034298,89.8917346318901,,,26.7200181731403,84.3007240877808,26.720333,84.3012311
102,,167.737579113759,,-2.1285180137522,,0.0774547728426289,,99318.7219168041,,14.0586526161522,,60.7448659231824,,9.74167583267118,90.6951471608122,,,26.7200169645751,84.3007221414497,26.720333,84.3012311
103,,167.44502898253,,-2.1826418300714,,-0.0265046706546658,,99327.975314451,,13.7590647139415,,68.72830090426,,9.80626260343812,89.9266090949827,,,26.7200221987965,84.30073057089,26.720333,84.3012311
104,,166.197829155645,,-2.20560238476806,,-0.04897893876062,,99343.3541522572,,13.7224979958414,,59.9506446452909,,9.33012345700622,91.3420483666902,,,26.7200179816165,84.3007237793417,26.720333,84.3012311
105,,165.324744510845,,-2.23302316920314,,-0.0868120421246238,,99348.5500086373,,13.8828897561534,,54.8023787874355,,8.1332908583685,90.4415036041773,,,26.7200147020553,84.3007184977797,26.720333,84.3012311
106,,164.683026330719,,-1.70538861982912,,-0.0660328423983164,,99364.479139735,,13.5337302229646,,58.1997587567512,,9.58770838995752,89.772175848723,,,26.7199974853011,84.300690771096,26.720333,84.3012311
107,,163.24246443387,,-2.80734207427721,,0.235927554024698,,99383.5393476376,,14.3898473188861,,46.5939545210384,,8.74124919261833,89.6630573763057,,,26.720021552355,84.3007295298296,26.720333,84.3012311
108,,160.68957993724,,-1.68305096300918,,0.0995743664589429,,99389.1035868368,,13.558483803333,,57.064648947631,,8.09347979363275,89.8285278966932,,,26.7199869922716,84.3006738726199,26.720333,84.3012311
109,,161.930954461154,,-2.501530190167,,-0.108085949296642,,99400.0685817005,,13.5609879589988,,59.9148995801474,,8.57297541661256,89.6614990389891,,,26.7199701509809,84.3006467506006,26.720333,84.3012311
110,,158.363994143565,,-2.23147760618138,,-0.105796636539486,,99414.9795425186,,13.8420980384053,,54.5088946880642,,8.76163853035579,90.245916887765,,,26.7199909389016,84.3006802284613,26.720333,84.3012311
111,,159.965068463589,,-2.27244372668856,,0.0385492849374793,,99425.5677514651,,13.5642186401077,,67.6971492870174,,7.28700120380717,89.686958084872,,,26.7199687041041,84.300644420481,26.720333,84.3012311
112,,158.541837360662,,-1.96925435034354,,0.0437811837902374,,99441.0248988776,,13.3822766617914,,51.2886503599104,,9.13072116495486,89.1341841305457,,,26.7199733305575,84.3006518711426,26.720333,84.3012311
113,,156.11472408163,,-2.59392270982778,,0.0439107068253892,,99448.079150443,,13.7960523272163,,59.1077841835765,,8.36030406541454,90.3514703425779,,,26.7199760917103,84.3006563178351,26.720333,84.3012311
114,,155.476771887716,,-2.02872510853213,,-0.0203964634842958,,99461.0268141726,,14.0972413903912,,65.6343239369117,,8.22504430869363,89.3371541657601,,,26.7199842663367,84.3006694826441,26.720333,84.3012311
115,,153.980289842515,,-1.53897548320482,,-0.010036340800232,,99475.9418889839,,14.3696046082806,,62.512235409368,,7.9238992707105,89.6031698379845,,,26.7199750939623,84.300654711014,26.720333,84.3012311
116,,153.065779971229,,-2.53837860055018,,0.0262303619327486,,99495.177926947,,14.3394198215973,,53.4816792656639,,8.94849622919583,88.8208867462776,,,26.7199761528904,84.3006564163623,26.720333,84.3012311
117,,151.905637776438,,-2.09777328770533,,0.00687144050346643,,99508.5318289226,,13.8038297903072,,53.0558873945677,,8.94054022338098,89.2128078138723,,,26.7199581535966,84.3006274294395,26.720333,84.3012311
118,,152.474160410397,,-2.38704676286537,,-0.177544029819803,,99509.724280129,,14.2128126369416,,57.179128324022,,8.67208096012826,89.0930549955716,,,26.719949243617,84.3006130803826,26.720333,84.3012311
119,,151.70829019913,,-2.01057680363087,,-0.0183839704460155,,99524.2083334649,,13.9370099953825,,56.6660416090374,,8.2508383315854,87.8989253539519,,,26.7199628276506,84.3006349567595,26.720333,84.3012311
120,,150.05259424607,,-2.12413139617973,,-0.0681125147408251,,99542.0733518196,,13.7604154358738,,60.0814995999273,,7.51461938386568,89.7576375552303,,,26.7199764289912,84.3006568610083,26.720333,84.3012311
121,,147.933014375111,,-2.32941470047852,,0.014016913512681,,99550.9233999235,,14.1545549478144,,63.2745190737834,,7.88144610351261,89.3015722304613,,,26.7199549813096,84.3006223206369,26.720333,84.3012311
122,,146.674819937899,,-1.98105181921889,,0.238820720208273,,99566.6966256086,,13.5565789157507,,62.277539415022,,8.84462324960789,88.363902341927,,,26.7199437091939,84.3006041674832,26.720333,84.3012311
123,,145.100574498981,,-1.55529242749008,,0.0293985332379444,,99573.2873528011,,14.1490925212341,,55.4890609399545,,7.80849442330514,87.9176151297721,,,26.7199276097096,84.3005782401043,26.720333,84.3012311
124,,144.336592123114,,-2.18200290836396,,-0.0250823748937918,,99589.7766830151,,14.3387807393728,,54.5460122306471,,7.45533347631285,88.5487808069018,,,26.719937099902,84.3005935235636,26.720333,84.3012311
125,,144.554901186243,,-1.94412311105274,,0.0737441201581802,,99604.1143697369,,14.1018844692233,,54.7624795794256,,9.04198871513977,88.3245988497072,,,26.7199493543158,84.3006132586572,26.720333,84.3012311
126,,144.396920981726,,-2.51331030049369,,0.038615030976737,,99611.7507210513,,14.4156574842664,,56.8016256997855,,8.04481838158413,88.3653344742816,,,26.7199247952042,84.3005737074903,26.720333,84.3012311
127,,141.001631740668,,-2.36159935682575,,0.0336075592361473,,99624.8553091134,,13.9498857094579,,60.5693563285602,,8.41415419673402,88.189538698097,,,26.7199165798122,84.3005604770305,26.720333,84.3012311
128,,140.925973871803,,-2.01106662160684,,0.0485480474572537,,99633.7333714834,,14.285309413513,,62.3590636264261,,7.83193377463296,88.253120494653,,,26.7199403336843,84.3005987314012,26.720333,84.3012311
129,,139.51802843683,,-1.67694404536563,,0.164523485186363,,99654.9787367868,,13.8036049812884,,60.3950822175426,,8.00165264469255,88.6299028496959,,,26.7199434330824,84.3006037228201,26.720333,84.3012311
130,,138.771894328001,,-2.02638071611312,,-0.0904710748260733,,99668.351732904,,14.2252447073369,,65.7016832997455,,8.26818223530776,88.0965516025643,,,26.719923256563,84.300571229589,26.720333,84.3012311
131,,137.283523311735,,-2.21089703208731,,0.0378905661449164,,99674.6494563442,,14.3451083567031,,63.3713426293293,,7.72379573628946,87.193922250545,,,26.7199345425073,84.300589405013,26.720333,84.3012311
132,,136.805423919074,,-2.13097619350987,,-0.0741104903985231,,99691.8391321861,,13.6885222185708,,59.7300914697206,,7.66383769546134,88.3062814263562,,,26.7199200969759,84.3005661412389,26.720333,84.3012311
133,,135.353258831994,,-2.51184866342644,,0.0444410117073799,,99702.0154951436,,14.340324682395,,60.205878178125,,7.2966541984031,88.3515572817442,,,26.7199405353298,84.3005990561408,26.720333,84.3012311
134,,134.591477753321,,-1.96671611929354,,-0.0734949209188876,,99712.9735727949,,14.3526231745065,,65.7437709265978,,7.23425705342978,89.013528367256,,,26.7198893502463,84.3005166252363,26.720333,84.3012311
135,,133.96085351016,,-1.87730109833845,,-0.0333893450884068,,99728.062120587,,14.2164399736276,,66.9301840660214,,6.79961859386201,86.7820029833802,,,26.719908658333,84.3005477199018,26.720333,84.3012311
136,,132.800612396784,,-2.26650171798077,,-0.0236071931390325,,99736.0883610273,,14.5656343575384,,56.4725875805712,,8.28498433722879,87.3714410065751,,,26.7198956088664,84.3005267044172,26.720333,84.3012311
137,,131.097524320923,,-2.2220832118516,,0.0780653375475767,,99752.5669910899,,14.3005652356684,,67.9656947921535,,7.0069710406827,86.1152006484055,,,26.7198937668792,84.3005237379931,26.720333,84.3012311
138,,130.330588535788,,-2.06795650029266,,0.0734763555153931,,99763.5915194036,,14.0537583665852,,55.0560930190613,,7.39426274577418,87.3390745781896,,,26.7198807248906,84.3005027345514,26.720333,84.3012311
139,,129.423759533707,,-2.26928658131174,,-0.0996573901157108,,99773.7711810504,,13.6927640565845,,64.1689357031656,,6.92835972424618,86.6946498509166,,,26.7198918416899,84.3005206375761,26.720333,84.3012311
140,,128.256495062631,,-2.15847269898484,,0.0043947288799879,,99786.6586672611,,13.9442562336603,,58.7735627192391,,7.74150591605176,87.8367228974125,,,26.7198946783964,84.300525205944,26.720333,84.3012311
141,,127.725532627072,,-1.50041592227436,,-0.0567663883799338,,99792.6368610195,,13.7012193433339,,57.3687591233027,,7.40004576970697,86.3939425149907,,,26.7198788766735,84.3004997580943,26.720333,84.3012311
142,,127.859325694564,,-2.22715162884084,,-0.100680392854027,,99810.5828211549,,14.6100481214016,,55.7467161766958,,7.64693437132895,85.8429084810164,,,26.7198873264666,84.3005133660449,26.720333,84.3012311
143,,125.847663691473,,-2.25845844754014,,-0.0173613640339496,,99822.0248920595,,14.020360551819,,68.4878867108052,,8.05497488660587,86.3581181296487,,,26.719878315673,84.3004988546322,26.720333,84.3012311
144,,123.869419339077,,-2.34670351073748,,-0.0246786230764656,,99839.8982494994,,14.1301236107818,,62.4923209037054,,8.01060013978492,85.5122561143914,,,26.7198796436423,84.3005009932574,26.720333,84.3012311
145,,123.516852587065,,-1.91850016123474,,0.194137318907642,,99853.4403102715,,14.4631591969825,,61.6655970838506,,8.32438625462739,86.7817997272537,,,26.7198593602601,84.3004683279295,26.720333,84.3012311
146,,121.890034317575,,-2.20447526109007,,0.0346367860288557,,99860.5510001073,,14.5607491404007,,71.3195014575503,,6.39057501547773,85.2799584768718,,,26.7198677570182,84.3004818504699,26.720333,84.3012311
147,,122.244913070809,,-2.34422938044978,,-0.110209400060339,,99873.3494900552,,14.1447720729118,,65.4877013526567,,6.57682228526327,86.2329787905916,,,26.719856026415,84.300462958946,26.720333,84.3012311
148,,120.569802321287,,-1.72655130956582,,-0.0451819203336754,,99886.2987182484,,14.1765481376112,,62.7119186832034,,7.46993150138115,85.0860940900719,,,26.7198631886352,84.3004744933277,26.720333,84.3012311
149,,119.029860527202,,-1.67766050323478,,0.0817106636343519,,99897.8383744947,,14.3993354033511,,66.6846999293771,,6.91917939063588,85.8711010977317,,,26.7198670716864,84.3004807467789,26.720333,84.3012311
150,,118.175604511302,,-2.30851073403557,,0.167075421829594,,99914.0945682855,,13.9298768350111,,61.6686413638895,,7.03947917676707,86.7591890779023,,,26.7198645662874,84.3004767119646,26.720333,84.3012311
151,,115.78677132875,,-2.73071484969347,,-0.126878664979037,,99920.1311219513,,14.179428015908,,57.2677732233237,,6.68928797193917,86.0240739457179,,,26.7198474652811,84.3004491716868,26.720333,84.3012311
152,,115.293983722474,,-1.82905354918925,,-0.150393950811124,,99933.5492275209,,13.9905555323655,,63.6760734553742,,6.83505078276034,85.3182531975175,,,26.7198316006424,84.3004236225146,26.720333,84.3012311
153,,113.859958481429,,-2.35375227061213,,0.149677214029743,,99948.3416436033,,14.3329625756707,,62.5841263753746,,6.24304754923051,85.6406482555305,,,26.7198483002441,84.3004505163512,26.720333,84.3012311
154,,113.468904484361,,-1.87094016743038,,0.0311691341896723,,99967.1486356498,,13.9149087660607,,64.5023918871406,,6.47082030274561,85.5715084360222,,,26.7198246569065,84.3004124399906,26.720333,84.3012311
155,,114.51088974251,,-2.74206050589928,,-0.0694634185501093,,99970.9613690216,,14.2688880519623,,62.9541894615029,,6.74971532608513,85.7050651729217,,,26.7198322494945,84.3004246674571,26.720333,84.3012311
156,,113.580223053503,,-1.8946734285563,,0.0427703268897948,,99984.9289524493,,14.2989706554797,,49.8585717761504,,6.67645328983402,84.6915708183596,,,26.7198222196325,84.300408514888,26.720333,84.3012311
157,,111.063713735436,,-2.4848345156713,,-0.21085981912135,,100000.613995316,,14.287944866537,,50.9238769400915,,6.7367524631419,85.5775336369237,,,26.7198295371331,84.3004202993406,26.720333,84.3012311
158,,109.988428639169,,-1.91930863001191,,0.00027004052777288,,100012.204006874,,14.5641090413109,,56.1860524263992,,7.53024860358524,83.8353041841986,,,26.7198213353108,84.300407090734,26.720333,84.3012311
159,,107.30910800476,,-2.13515221976172,,0.0262256938274468,,100018.634465279,,14.0713366782001,,61.9761633510729,,7.07614973950565,84.7788077238181,,,26.7198486234846,84.3004510369131,26.720333,84.3012311
160,,107.318894247182,,-2.40784807146692,,0.0739416111630264,,100029.573161376,,14.6569767116799,,57.7905015819504,,7.06473227941848,84.7558630787742,,,26.719805839794,84.3003821360134,26.720333,84.3012311
